/textures/blocks/anvil_base.png,/assets/minecraft/textures/block/anvil.png
/textures/blocks/anvil_top_damaged_0.png,/assets/minecraft/textures/block/anvil_top.png
/textures/blocks/anvil_top_damaged_1.png,/assets/minecraft/textures/block/chipped_anvil_top.png
/textures/blocks/anvil_top_damaged_2.png,/assets/minecraft/textures/block/damaged_anvil_top.png
/textures/blocks/bamboo_leaf.png,/assets/minecraft/textures/block/bamboo_large_leaves.png
/textures/blocks/bamboo_sapling.png,/assets/minecraft/textures/block/bamboo_stage0.png
/textures/blocks/bamboo_small_leaf.png,/assets/minecraft/textures/block/bamboo_small_leaves.png
/textures/blocks/bamboo_stem.png,/assets/minecraft/textures/block/bamboo_stalk.png
/textures/blocks/beehive_top.png,/assets/minecraft/textures/block/beehive_end.png
/textures/blocks/beetroots_stage_0.png,/assets/minecraft/textures/block/beetroots_stage0.png
/textures/blocks/beetroots_stage_1.png,/assets/minecraft/textures/block/beetroots_stage1.png
/textures/blocks/beetroots_stage_2.png,/assets/minecraft/textures/block/beetroots_stage2.png
/textures/blocks/beetroots_stage_3.png,/assets/minecraft/textures/block/beetroots_stage3.png
/textures/blocks/blast_furnace_front_off.png,/assets/minecraft/textures/block/blast_furnace_front.png
/textures/blocks/brick.png,/assets/minecraft/textures/block/bricks.png
/textures/blocks/cactus_bottom.tga,/assets/minecraft/textures/block/cactus_bottom.png
/textures/blocks/cactus_side.tga,/assets/minecraft/textures/block/cactus_side.png
/textures/blocks/cactus_top.tga,/assets/minecraft/textures/block/cactus_top.png
/textures/blocks/campfire.png,/assets/minecraft/textures/block/campfire_fire.png
/textures/blocks/carrots_stage_0.png,/assets/minecraft/textures/block/carrots_stage0.png
/textures/blocks/carrots_stage_1.png,/assets/minecraft/textures/block/carrots_stage1.png
/textures/blocks/carrots_stage_2.png,/assets/minecraft/textures/block/carrots_stage2.png
/textures/blocks/carrots_stage_3.png,/assets/minecraft/textures/block/carrots_stage3.png
/textures/blocks/cobblestone_mossy.png,/assets/minecraft/textures/block/mossy_cobblestone.png
/textures/blocks/cocoa_stage_0.png,/assets/minecraft/textures/block/cocoa_stage0.png
/textures/blocks/cocoa_stage_1.png,/assets/minecraft/textures/block/cocoa_stage1.png
/textures/blocks/cocoa_stage_2.png,/assets/minecraft/textures/block/cocoa_stage2.png
/textures/blocks/comparator_off.png,/assets/minecraft/textures/block/comparator.png
/textures/blocks/compost.png,/assets/minecraft/textures/block/composter_compost.png
/textures/blocks/compost_ready.png,/assets/minecraft/textures/block/composter_ready.png
/textures/blocks/concrete_black.png,/assets/minecraft/textures/block/black_concrete.png
/textures/blocks/concrete_blue.png,/assets/minecraft/textures/block/blue_concrete.png
/textures/blocks/concrete_brown.png,/assets/minecraft/textures/block/brown_concrete.png
/textures/blocks/concrete_cyan.png,/assets/minecraft/textures/block/cyan_concrete.png
/textures/blocks/concrete_gray.png,/assets/minecraft/textures/block/gray_concrete.png
/textures/blocks/concrete_green.png,/assets/minecraft/textures/block/green_concrete.png
/textures/blocks/concrete_light_blue.png,/assets/minecraft/textures/block/light_blue_concrete.png
/textures/blocks/concrete_lime.png,/assets/minecraft/textures/block/lime_concrete.png
/textures/blocks/concrete_magenta.png,/assets/minecraft/textures/block/magenta_concrete.png
/textures/blocks/concrete_orange.png,/assets/minecraft/textures/block/orange_concrete.png
/textures/blocks/concrete_pink.png,/assets/minecraft/textures/block/pink_concrete.png
/textures/blocks/concrete_powder_black.png,/assets/minecraft/textures/block/black_concrete_powder.png
/textures/blocks/concrete_powder_blue.png,/assets/minecraft/textures/block/blue_concrete_powder.png
/textures/blocks/concrete_powder_brown.png,/assets/minecraft/textures/block/brown_concrete_powder.png
/textures/blocks/concrete_powder_cyan.png,/assets/minecraft/textures/block/cyan_concrete_powder.png
/textures/blocks/concrete_powder_gray.png,/assets/minecraft/textures/block/gray_concrete_powder.png
/textures/blocks/concrete_powder_green.png,/assets/minecraft/textures/block/green_concrete_powder.png
/textures/blocks/concrete_powder_light_blue.png,/assets/minecraft/textures/block/light_blue_concrete_powder.png
/textures/blocks/concrete_powder_lime.png,/assets/minecraft/textures/block/lime_concrete_powder.png
/textures/blocks/concrete_powder_magenta.png,/assets/minecraft/textures/block/magenta_concrete_powder.png
/textures/blocks/concrete_powder_orange.png,/assets/minecraft/textures/block/orange_concrete_powder.png
/textures/blocks/concrete_powder_pink.png,/assets/minecraft/textures/block/pink_concrete_powder.png
/textures/blocks/concrete_powder_purple.png,/assets/minecraft/textures/block/purple_concrete_powder.png
/textures/blocks/concrete_powder_red.png,/assets/minecraft/textures/block/red_concrete_powder.png
/textures/blocks/concrete_powder_silver.png,/assets/minecraft/textures/block/light_gray_concrete_powder.png
/textures/blocks/concrete_powder_white.png,/assets/minecraft/textures/block/white_concrete_powder.png
/textures/blocks/concrete_powder_yellow.png,/assets/minecraft/textures/block/yellow_concrete_powder.png
/textures/blocks/concrete_purple.png,/assets/minecraft/textures/block/purple_concrete.png
/textures/blocks/concrete_red.png,/assets/minecraft/textures/block/red_concrete.png
/textures/blocks/concrete_silver.png,/assets/minecraft/textures/block/light_gray_concrete.png
/textures/blocks/concrete_white.png,/assets/minecraft/textures/block/white_concrete.png
/textures/blocks/concrete_yellow.png,/assets/minecraft/textures/block/yellow_concrete.png
/textures/blocks/coral_blue.png,/assets/minecraft/textures/block/tube_coral_block.png
/textures/blocks/coral_blue_dead.png,/assets/minecraft/textures/block/dead_tube_coral_block.png
/textures/blocks/coral_fan_blue.png,/assets/minecraft/textures/block/tube_coral_fan.png
/textures/blocks/coral_fan_blue_dead.png,/assets/minecraft/textures/block/dead_tube_coral_fan.png
/textures/blocks/coral_fan_pink.png,/assets/minecraft/textures/block/brain_coral_fan.png
/textures/blocks/coral_fan_pink_dead.png,/assets/minecraft/textures/block/dead_brain_coral_fan.png
/textures/blocks/coral_fan_purple.png,/assets/minecraft/textures/block/bubble_coral_fan.png
/textures/blocks/coral_fan_purple_dead.png,/assets/minecraft/textures/block/dead_bubble_coral_fan.png
/textures/blocks/coral_fan_red.png,/assets/minecraft/textures/block/fire_coral_fan.png
/textures/blocks/coral_fan_red_dead.png,/assets/minecraft/textures/block/dead_fire_coral_fan.png
/textures/blocks/coral_fan_yellow.png,/assets/minecraft/textures/block/horn_coral_fan.png
/textures/blocks/coral_fan_yellow_dead.png,/assets/minecraft/textures/block/dead_horn_coral_fan.png
/textures/blocks/coral_pink.png,/assets/minecraft/textures/block/brain_coral_block.png
/textures/blocks/coral_pink_dead.png,/assets/minecraft/textures/block/dead_brain_coral_block.png
/textures/blocks/coral_plant_blue.png,/assets/minecraft/textures/block/tube_coral.png
/textures/blocks/coral_plant_blue_dead.png,/assets/minecraft/textures/block/dead_tube_coral.png
/textures/blocks/coral_plant_pink.png,/assets/minecraft/textures/block/brain_coral.png
/textures/blocks/coral_plant_pink_dead.png,/assets/minecraft/textures/block/dead_brain_coral.png
/textures/blocks/coral_plant_purple.png,/assets/minecraft/textures/block/bubble_coral.png
/textures/blocks/coral_plant_purple_dead.png,/assets/minecraft/textures/block/dead_bubble_coral.png
/textures/blocks/coral_plant_red.png,/assets/minecraft/textures/block/fire_coral.png
/textures/blocks/coral_plant_red_dead.png,/assets/minecraft/textures/block/dead_fire_coral.png
/textures/blocks/coral_plant_yellow.png,/assets/minecraft/textures/block/horn_coral.png
/textures/blocks/coral_plant_yellow_dead.png,/assets/minecraft/textures/block/dead_horn_coral.png
/textures/blocks/coral_purple.png,/assets/minecraft/textures/block/bubble_coral_block.png
/textures/blocks/coral_purple_dead.png,/assets/minecraft/textures/block/dead_bubble_coral_block.png
/textures/blocks/coral_red.png,/assets/minecraft/textures/block/fire_coral_block.png
/textures/blocks/coral_red_dead.png,/assets/minecraft/textures/block/dead_fire_coral_block.png
/textures/blocks/coral_yellow.png,/assets/minecraft/textures/block/horn_coral_block.png
/textures/blocks/coral_yellow_dead.png,/assets/minecraft/textures/block/dead_horn_coral_block.png
/textures/blocks/deadbush.png,/assets/minecraft/textures/block/dead_bush.png
/textures/blocks/dirt_podzol_side.png,/assets/minecraft/textures/block/podzol_side.png
/textures/blocks/dirt_podzol_top.png,/assets/minecraft/textures/block/podzol_top.png
/textures/blocks/dispenser_front_horizontal.png,/assets/minecraft/textures/block/dispenser_front.png
/textures/blocks/door_acacia_lower.png,/assets/minecraft/textures/block/acacia_door_bottom.png
/textures/blocks/door_acacia_upper.png,/assets/minecraft/textures/block/acacia_door_top.png
/textures/blocks/door_birch_lower.png,/assets/minecraft/textures/block/birch_door_bottom.png
/textures/blocks/door_birch_upper.png,/assets/minecraft/textures/block/birch_door_top.png
/textures/blocks/door_dark_oak_lower.png,/assets/minecraft/textures/block/dark_oak_door_bottom.png
/textures/blocks/door_dark_oak_upper.png,/assets/minecraft/textures/block/dark_oak_door_top.png
/textures/blocks/door_iron_lower.png,/assets/minecraft/textures/block/iron_door_bottom.png
/textures/blocks/door_iron_upper.png,/assets/minecraft/textures/block/iron_door_top.png
/textures/blocks/door_jungle_lower.png,/assets/minecraft/textures/block/jungle_door_bottom.png
/textures/blocks/door_jungle_upper.png,/assets/minecraft/textures/block/jungle_door_top.png
/textures/blocks/door_spruce_lower.png,/assets/minecraft/textures/block/spruce_door_bottom.png
/textures/blocks/door_spruce_upper.png,/assets/minecraft/textures/block/spruce_door_top.png
/textures/blocks/door_wood_lower.png,/assets/minecraft/textures/block/oak_door_bottom.png
/textures/blocks/door_wood_upper.png,/assets/minecraft/textures/block/oak_door_top.png
/textures/blocks/double_plant_fern_bottom.tga,/assets/minecraft/textures/block/large_fern_bottom.png
/textures/blocks/double_plant_fern_top.tga,/assets/minecraft/textures/block/large_fern_top.png
/textures/blocks/double_plant_grass_bottom.tga,/assets/minecraft/textures/block/tall_grass_bottom.png
/textures/blocks/double_plant_grass_top.tga,/assets/minecraft/textures/block/tall_grass_top.png
/textures/blocks/double_plant_paeonia_bottom.png,/assets/minecraft/textures/block/peony_bottom.png
/textures/blocks/double_plant_paeonia_top.png,/assets/minecraft/textures/block/peony_top.png
/textures/blocks/double_plant_rose_bottom.png,/assets/minecraft/textures/block/rose_bush_bottom.png
/textures/blocks/double_plant_rose_top.png,/assets/minecraft/textures/block/rose_bush_top.png
/textures/blocks/double_plant_sunflower_back.png,/assets/minecraft/textures/block/sunflower_back.png
/textures/blocks/double_plant_sunflower_bottom.png,/assets/minecraft/textures/block/sunflower_bottom.png
/textures/blocks/double_plant_sunflower_front.png,/assets/minecraft/textures/block/sunflower_front.png
/textures/blocks/double_plant_sunflower_top.png,/assets/minecraft/textures/block/sunflower_top.png
/textures/blocks/double_plant_syringa_bottom.tga,/assets/minecraft/textures/block/lilac_bottom.png
/textures/blocks/double_plant_syringa_top.tga,/assets/minecraft/textures/block/lilac_top.png
/textures/blocks/dried_kelp_side_a.png,/assets/minecraft/textures/block/dried_kelp_side.png
/textures/blocks/dropper_front_horizontal.png,/assets/minecraft/textures/block/dropper_front.png
/textures/blocks/endframe_eye.png,/assets/minecraft/textures/block/end_portal_frame_eye.png
/textures/blocks/endframe_side.png,/assets/minecraft/textures/block/end_portal_frame_side.png
/textures/blocks/endframe_top.png,/assets/minecraft/textures/block/end_portal_frame_top.png
/textures/blocks/end_bricks.png,/assets/minecraft/textures/block/end_stone_bricks.png
/textures/blocks/farmland_dry.png,/assets/minecraft/textures/block/farmland.png
/textures/blocks/farmland_wet.png,/assets/minecraft/textures/block/farmland_moist.png
/textures/blocks/fern.tga,/assets/minecraft/textures/block/fern.png
/textures/blocks/fletcher_table_side1.png,/assets/minecraft/textures/block/fletching_table_side.png
/textures/blocks/fletcher_table_side2.png,/assets/minecraft/textures/block/fletching_table_front.png
/textures/blocks/fletcher_table_top.png,/assets/minecraft/textures/block/fletching_table_top.png
/textures/blocks/flower_allium.png,/assets/minecraft/textures/block/allium.png
/textures/blocks/flower_blue_orchid.png,/assets/minecraft/textures/block/blue_orchid.png
/textures/blocks/flower_cornflower.png,/assets/minecraft/textures/block/cornflower.png
/textures/blocks/flower_dandelion.png,/assets/minecraft/textures/block/dandelion.png
/textures/blocks/flower_houstonia.png,/assets/minecraft/textures/block/azure_bluet.png
/textures/blocks/flower_lily_of_the_valley.png,/assets/minecraft/textures/block/lily_of_the_valley.png
/textures/blocks/flower_oxeye_daisy.png,/assets/minecraft/textures/block/oxeye_daisy.png
/textures/blocks/flower_rose.png,/assets/minecraft/textures/block/poppy.png
/textures/blocks/flower_tulip_orange.png,/assets/minecraft/textures/block/orange_tulip.png
/textures/blocks/flower_tulip_pink.png,/assets/minecraft/textures/block/pink_tulip.png
/textures/blocks/flower_tulip_red.png,/assets/minecraft/textures/block/red_tulip.png
/textures/blocks/flower_tulip_white.png,/assets/minecraft/textures/block/white_tulip.png
/textures/blocks/flower_wither_rose.png,/assets/minecraft/textures/block/wither_rose.png
/textures/blocks/furnace_front_off.png,/assets/minecraft/textures/block/furnace_front.png
/textures/blocks/glass_black.png,/assets/minecraft/textures/block/black_stained_glass.png
/textures/blocks/glass_blue.png,/assets/minecraft/textures/block/blue_stained_glass.png
/textures/blocks/glass_brown.png,/assets/minecraft/textures/block/brown_stained_glass.png
/textures/blocks/glass_cyan.png,/assets/minecraft/textures/block/cyan_stained_glass.png
/textures/blocks/glass_gray.png,/assets/minecraft/textures/block/gray_stained_glass.png
/textures/blocks/glass_green.png,/assets/minecraft/textures/block/green_stained_glass.png
/textures/blocks/glass_light_blue.png,/assets/minecraft/textures/block/light_blue_stained_glass.png
/textures/blocks/glass_lime.png,/assets/minecraft/textures/block/lime_stained_glass.png
/textures/blocks/glass_magenta.png,/assets/minecraft/textures/block/magenta_stained_glass.png
/textures/blocks/glass_orange.png,/assets/minecraft/textures/block/orange_stained_glass.png
/textures/blocks/glass_pane_top_black.png,/assets/minecraft/textures/block/black_stained_glass_pane_top.png
/textures/blocks/glass_pane_top_blue.png,/assets/minecraft/textures/block/blue_stained_glass_pane_top.png
/textures/blocks/glass_pane_top_brown.png,/assets/minecraft/textures/block/brown_stained_glass_pane_top.png
/textures/blocks/glass_pane_top_cyan.png,/assets/minecraft/textures/block/cyan_stained_glass_pane_top.png
/textures/blocks/glass_pane_top_gray.png,/assets/minecraft/textures/block/gray_stained_glass_pane_top.png
/textures/blocks/glass_pane_top_green.png,/assets/minecraft/textures/block/green_stained_glass_pane_top.png
/textures/blocks/glass_pane_top_light_blue.png,/assets/minecraft/textures/block/light_blue_stained_glass_pane_top.png
/textures/blocks/glass_pane_top_lime.png,/assets/minecraft/textures/block/lime_stained_glass_pane_top.png
/textures/blocks/glass_pane_top_magenta.png,/assets/minecraft/textures/block/magenta_stained_glass_pane_top.png
/textures/blocks/glass_pane_top_orange.png,/assets/minecraft/textures/block/orange_stained_glass_pane_top.png
/textures/blocks/glass_pane_top_pink.png,/assets/minecraft/textures/block/pink_stained_glass_pane_top.png
/textures/blocks/glass_pane_top_purple.png,/assets/minecraft/textures/block/purple_stained_glass_pane_top.png
/textures/blocks/glass_pane_top_red.png,/assets/minecraft/textures/block/red_stained_glass_pane_top.png
/textures/blocks/glass_pane_top_silver.png,/assets/minecraft/textures/block/light_gray_stained_glass_pane_top.png
/textures/blocks/glass_pane_top_white.png,/assets/minecraft/textures/block/white_stained_glass_pane_top.png
/textures/blocks/glass_pane_top_yellow.png,/assets/minecraft/textures/block/yellow_stained_glass_pane_top.png
/textures/blocks/glass_pink.png,/assets/minecraft/textures/block/pink_stained_glass.png
/textures/blocks/glass_purple.png,/assets/minecraft/textures/block/purple_stained_glass.png
/textures/blocks/glass_red.png,/assets/minecraft/textures/block/red_stained_glass.png
/textures/blocks/glass_silver.png,/assets/minecraft/textures/block/light_gray_stained_glass.png
/textures/blocks/glass_white.png,/assets/minecraft/textures/block/white_stained_glass.png
/textures/blocks/glass_yellow.png,/assets/minecraft/textures/block/yellow_stained_glass.png
/textures/blocks/glazed_terracotta_black.png,/assets/minecraft/textures/block/black_glazed_terracotta.png
/textures/blocks/glazed_terracotta_blue.png,/assets/minecraft/textures/block/blue_glazed_terracotta.png
/textures/blocks/glazed_terracotta_brown.png,/assets/minecraft/textures/block/brown_glazed_terracotta.png
/textures/blocks/glazed_terracotta_cyan.png,/assets/minecraft/textures/block/cyan_glazed_terracotta.png
/textures/blocks/glazed_terracotta_gray.png,/assets/minecraft/textures/block/gray_glazed_terracotta.png
/textures/blocks/glazed_terracotta_green.png,/assets/minecraft/textures/block/green_glazed_terracotta.png
/textures/blocks/glazed_terracotta_light_blue.png,/assets/minecraft/textures/block/light_blue_glazed_terracotta.png
/textures/blocks/glazed_terracotta_lime.png,/assets/minecraft/textures/block/lime_glazed_terracotta.png
/textures/blocks/glazed_terracotta_magenta.png,/assets/minecraft/textures/block/magenta_glazed_terracotta.png
/textures/blocks/glazed_terracotta_orange.png,/assets/minecraft/textures/block/orange_glazed_terracotta.png
/textures/blocks/glazed_terracotta_pink.png,/assets/minecraft/textures/block/pink_glazed_terracotta.png
/textures/blocks/glazed_terracotta_purple.png,/assets/minecraft/textures/block/purple_glazed_terracotta.png
/textures/blocks/glazed_terracotta_red.png,/assets/minecraft/textures/block/red_glazed_terracotta.png
/textures/blocks/glazed_terracotta_silver.png,/assets/minecraft/textures/block/light_gray_glazed_terracotta.png
/textures/blocks/glazed_terracotta_white.png,/assets/minecraft/textures/block/white_glazed_terracotta.png
/textures/blocks/glazed_terracotta_yellow.png,/assets/minecraft/textures/block/yellow_glazed_terracotta.png
/textures/blocks/grass_side.tga,/assets/minecraft/textures/block/grass_block_side_overlay.png
/textures/blocks/grass_side_carried.png,/assets/minecraft/textures/block/grass_block_side.png
/textures/blocks/grass_side_snowed.png,/assets/minecraft/textures/block/grass_block_snow.png
/textures/blocks/grass_top.png,/assets/minecraft/textures/block/grass_block_top.png
/textures/blocks/grindstone_pivot.tga,/assets/minecraft/textures/block/grindstone_pivot.png
/textures/blocks/grindstone_round.tga,/assets/minecraft/textures/block/grindstone_round.png
/textures/blocks/grindstone_side.tga,/assets/minecraft/textures/block/grindstone_side.png
/textures/blocks/hardened_clay.png,/assets/minecraft/textures/block/terracotta.png
/textures/blocks/hardened_clay_stained_black.png,/assets/minecraft/textures/block/black_terracotta.png
/textures/blocks/hardened_clay_stained_blue.png,/assets/minecraft/textures/block/blue_terracotta.png
/textures/blocks/hardened_clay_stained_brown.png,/assets/minecraft/textures/block/brown_terracotta.png
/textures/blocks/hardened_clay_stained_cyan.png,/assets/minecraft/textures/block/cyan_terracotta.png
/textures/blocks/hardened_clay_stained_gray.png,/assets/minecraft/textures/block/gray_terracotta.png
/textures/blocks/hardened_clay_stained_green.png,/assets/minecraft/textures/block/green_terracotta.png
/textures/blocks/hardened_clay_stained_light_blue.png,/assets/minecraft/textures/block/light_blue_terracotta.png
/textures/blocks/hardened_clay_stained_lime.png,/assets/minecraft/textures/block/lime_terracotta.png
/textures/blocks/hardened_clay_stained_magenta.png,/assets/minecraft/textures/block/magenta_terracotta.png
/textures/blocks/hardened_clay_stained_orange.png,/assets/minecraft/textures/block/orange_terracotta.png
/textures/blocks/hardened_clay_stained_pink.png,/assets/minecraft/textures/block/pink_terracotta.png
/textures/blocks/hardened_clay_stained_purple.png,/assets/minecraft/textures/block/purple_terracotta.png
/textures/blocks/hardened_clay_stained_red.png,/assets/minecraft/textures/block/red_terracotta.png
/textures/blocks/hardened_clay_stained_silver.png,/assets/minecraft/textures/block/light_gray_terracotta.png
/textures/blocks/hardened_clay_stained_white.png,/assets/minecraft/textures/block/white_terracotta.png
/textures/blocks/hardened_clay_stained_yellow.png,/assets/minecraft/textures/block/yellow_terracotta.png
/textures/blocks/honeycomb.png,/assets/minecraft/textures/block/honeycomb_block.png
/textures/blocks/honey_bottom.png,/assets/minecraft/textures/block/honey_block_bottom.png
/textures/blocks/honey_side.png,/assets/minecraft/textures/block/honey_block_side.png
/textures/blocks/honey_top.png,/assets/minecraft/textures/block/honey_block_top.png
/textures/blocks/ice_packed.png,/assets/minecraft/textures/block/packed_ice.png
/textures/blocks/itemframe_background.png,/assets/minecraft/textures/block/item_frame.png
/textures/blocks/jigsaw_back.png,/assets/minecraft/textures/block/jigsaw_bottom.png
/textures/blocks/jigsaw_front.png,/assets/minecraft/textures/block/jigsaw_top.png
/textures/blocks/kelp_a.tga,/assets/minecraft/textures/block/kelp_plant.png
/textures/blocks/kelp_top.tga,/assets/minecraft/textures/block/kelp.png
/textures/blocks/leaves_acacia.tga,/assets/minecraft/textures/block/acacia_leaves.png
/textures/blocks/leaves_big_oak.tga,/assets/minecraft/textures/block/dark_oak_leaves.png
/textures/blocks/leaves_birch.tga,/assets/minecraft/textures/block/birch_leaves.png
/textures/blocks/leaves_jungle.tga,/assets/minecraft/textures/block/jungle_leaves.png
/textures/blocks/leaves_oak.tga,/assets/minecraft/textures/block/oak_leaves.png
/textures/blocks/leaves_spruce.tga,/assets/minecraft/textures/block/spruce_leaves.png
/textures/blocks/log_acacia.png,/assets/minecraft/textures/block/acacia_log.png
/textures/blocks/log_acacia_top.png,/assets/minecraft/textures/block/acacia_log_top.png
/textures/blocks/log_big_oak.png,/assets/minecraft/textures/block/dark_oak_log.png
/textures/blocks/log_big_oak_top.png,/assets/minecraft/textures/block/dark_oak_log_top.png
/textures/blocks/log_birch.png,/assets/minecraft/textures/block/birch_log.png
/textures/blocks/log_birch_top.png,/assets/minecraft/textures/block/birch_log_top.png
/textures/blocks/log_jungle.png,/assets/minecraft/textures/block/jungle_log.png
/textures/blocks/log_jungle_top.png,/assets/minecraft/textures/block/jungle_log_top.png
/textures/blocks/log_oak.png,/assets/minecraft/textures/block/oak_log.png
/textures/blocks/log_oak_top.png,/assets/minecraft/textures/block/oak_log_top.png
/textures/blocks/log_spruce.png,/assets/minecraft/textures/block/spruce_log.png
/textures/blocks/log_spruce_top.png,/assets/minecraft/textures/block/spruce_log_top.png
/textures/blocks/melon_stem_connected.png,/assets/minecraft/textures/block/attached_melon_stem.png
/textures/blocks/melon_stem_disconnected.png,/assets/minecraft/textures/block/melon_stem.png
/textures/blocks/mob_spawner.png,/assets/minecraft/textures/block/spawner.png
/textures/blocks/mushroom_block_skin_brown.png,/assets/minecraft/textures/block/brown_mushroom_block.png
/textures/blocks/mushroom_block_skin_red.png,/assets/minecraft/textures/block/red_mushroom_block.png
/textures/blocks/mushroom_block_skin_stem.png,/assets/minecraft/textures/block/mushroom_stem.png
/textures/blocks/mushroom_brown.png,/assets/minecraft/textures/block/brown_mushroom.png
/textures/blocks/mushroom_red.png,/assets/minecraft/textures/block/red_mushroom.png
/textures/blocks/nether_brick.png,/assets/minecraft/textures/block/nether_bricks.png
/textures/blocks/nether_wart_stage_0.png,/assets/minecraft/textures/block/nether_wart_stage0.png
/textures/blocks/nether_wart_stage_1.png,/assets/minecraft/textures/block/nether_wart_stage1.png
/textures/blocks/nether_wart_stage_2.png,/assets/minecraft/textures/block/nether_wart_stage2.png
/textures/blocks/noteblock.png,/assets/minecraft/textures/block/note_block.png
/textures/blocks/observer_back_lit.png,/assets/minecraft/textures/block/observer_back_on.png
/textures/blocks/piston_top_normal.png,/assets/minecraft/textures/block/piston_top.png
/textures/blocks/planks_acacia.png,/assets/minecraft/textures/block/acacia_planks.png
/textures/blocks/planks_big_oak.png,/assets/minecraft/textures/block/dark_oak_planks.png
/textures/blocks/planks_birch.png,/assets/minecraft/textures/block/birch_planks.png
/textures/blocks/planks_jungle.png,/assets/minecraft/textures/block/jungle_planks.png
/textures/blocks/planks_oak.png,/assets/minecraft/textures/block/oak_planks.png
/textures/blocks/planks_spruce.png,/assets/minecraft/textures/block/spruce_planks.png
/textures/blocks/portal.png,/assets/minecraft/textures/block/nether_portal.png
/textures/blocks/potatoes_stage_0.png,/assets/minecraft/textures/block/potatoes_stage0.png
/textures/blocks/potatoes_stage_1.png,/assets/minecraft/textures/block/potatoes_stage1.png
/textures/blocks/potatoes_stage_2.png,/assets/minecraft/textures/block/potatoes_stage2.png
/textures/blocks/potatoes_stage_3.png,/assets/minecraft/textures/block/potatoes_stage3.png
/textures/blocks/prismarine_dark.png,/assets/minecraft/textures/block/dark_prismarine.png
/textures/blocks/prismarine_rough.png,/assets/minecraft/textures/block/prismarine.png
/textures/blocks/pumpkin_face_off.png,/assets/minecraft/textures/block/carved_pumpkin.png
/textures/blocks/pumpkin_face_on.png,/assets/minecraft/textures/block/jack_o_lantern.png
/textures/blocks/pumpkin_stem_connected.png,/assets/minecraft/textures/block/attached_pumpkin_stem.png
/textures/blocks/pumpkin_stem_disconnected.png,/assets/minecraft/textures/block/pumpkin_stem.png
/textures/blocks/quartz_block_chiseled.png,/assets/minecraft/textures/block/chiseled_quartz_block.png
/textures/blocks/quartz_block_chiseled_top.png,/assets/minecraft/textures/block/chiseled_quartz_block_top.png
/textures/blocks/quartz_block_lines.png,/assets/minecraft/textures/block/quartz_pillar.png
/textures/blocks/quartz_block_lines_top.png,/assets/minecraft/textures/block/quartz_pillar_top.png
/textures/blocks/quartz_ore.png,/assets/minecraft/textures/block/nether_quartz_ore.png
/textures/blocks/rail_activator.png,/assets/minecraft/textures/block/activator_rail.png
/textures/blocks/rail_activator_powered.png,/assets/minecraft/textures/block/activator_rail_on.png
/textures/blocks/rail_detector.png,/assets/minecraft/textures/block/detector_rail.png
/textures/blocks/rail_detector_powered.png,/assets/minecraft/textures/block/detector_rail_on.png
/textures/blocks/rail_golden.png,/assets/minecraft/textures/block/powered_rail.png
/textures/blocks/rail_golden_powered.png,/assets/minecraft/textures/block/powered_rail_on.png
/textures/blocks/rail_normal.png,/assets/minecraft/textures/block/rail.png
/textures/blocks/rail_normal_turned.png,/assets/minecraft/textures/block/rail_corner.png
/textures/blocks/redstone_dust_cross.png,/assets/minecraft/textures/block/redstone_dust_dot.png
/textures/blocks/redstone_dust_line.png,/assets/minecraft/textures/block/redstone_dust_line0.png
/textures/blocks/redstone_lamp_off.png,/assets/minecraft/textures/block/redstone_lamp.png
/textures/blocks/redstone_torch_on.png,/assets/minecraft/textures/block/redstone_torch.png
/textures/blocks/red_nether_brick.png,/assets/minecraft/textures/block/red_nether_bricks.png
/textures/blocks/red_sandstone_carved.png,/assets/minecraft/textures/block/chiseled_red_sandstone.png
/textures/blocks/red_sandstone_normal.png,/assets/minecraft/textures/block/red_sandstone.png
/textures/blocks/red_sandstone_smooth.png,/assets/minecraft/textures/block/cut_red_sandstone.png
/textures/blocks/reeds.tga,/assets/minecraft/textures/block/sugar_cane.png
/textures/blocks/repeater_off.png,/assets/minecraft/textures/block/repeater.png
/textures/blocks/sandstone_carved.png,/assets/minecraft/textures/block/chiseled_sandstone.png
/textures/blocks/sandstone_normal.png,/assets/minecraft/textures/block/sandstone.png
/textures/blocks/sandstone_smooth.png,/assets/minecraft/textures/block/cut_sandstone.png
/textures/blocks/sapling_acacia.png,/assets/minecraft/textures/block/acacia_sapling.png
/textures/blocks/sapling_birch.png,/assets/minecraft/textures/block/birch_sapling.png
/textures/blocks/sapling_jungle.png,/assets/minecraft/textures/block/jungle_sapling.png
/textures/blocks/sapling_oak.png,/assets/minecraft/textures/block/oak_sapling.png
/textures/blocks/sapling_roofed_oak.png,/assets/minecraft/textures/block/dark_oak_sapling.png
/textures/blocks/sapling_spruce.png,/assets/minecraft/textures/block/spruce_sapling.png
/textures/blocks/scaffolding_bottom.tga,/assets/minecraft/textures/block/scaffolding_bottom.png
/textures/blocks/scaffolding_side.tga,/assets/minecraft/textures/block/scaffolding_side.png
/textures/blocks/scaffolding_top.tga,/assets/minecraft/textures/block/scaffolding_top.png
/textures/blocks/seagrass_doubletall_bottom_a.tga,/assets/minecraft/textures/block/tall_seagrass_bottom.png
/textures/blocks/seagrass_doubletall_top_a.tga,/assets/minecraft/textures/block/tall_seagrass_top.png
/textures/blocks/shulker_top_black.png,/assets/minecraft/textures/block/black_shulker_box.png
/textures/blocks/shulker_top_blue.png,/assets/minecraft/textures/block/blue_shulker_box.png
/textures/blocks/shulker_top_brown.png,/assets/minecraft/textures/block/brown_shulker_box.png
/textures/blocks/shulker_top_cyan.png,/assets/minecraft/textures/block/cyan_shulker_box.png
/textures/blocks/shulker_top_gray.png,/assets/minecraft/textures/block/gray_shulker_box.png
/textures/blocks/shulker_top_green.png,/assets/minecraft/textures/block/green_shulker_box.png
/textures/blocks/shulker_top_light_blue.png,/assets/minecraft/textures/block/light_blue_shulker_box.png
/textures/blocks/shulker_top_lime.png,/assets/minecraft/textures/block/lime_shulker_box.png
/textures/blocks/shulker_top_magenta.png,/assets/minecraft/textures/block/magenta_shulker_box.png
/textures/blocks/shulker_top_orange.png,/assets/minecraft/textures/block/orange_shulker_box.png
/textures/blocks/shulker_top_pink.png,/assets/minecraft/textures/block/pink_shulker_box.png
/textures/blocks/shulker_top_purple.png,/assets/minecraft/textures/block/purple_shulker_box.png
/textures/blocks/shulker_top_red.png,/assets/minecraft/textures/block/red_shulker_box.png
/textures/blocks/shulker_top_silver.png,/assets/minecraft/textures/block/light_gray_shulker_box.png
/textures/blocks/shulker_top_undyed.png,/assets/minecraft/textures/block/shulker_box.png
/textures/blocks/shulker_top_white.png,/assets/minecraft/textures/block/white_shulker_box.png
/textures/blocks/shulker_top_yellow.png,/assets/minecraft/textures/block/yellow_shulker_box.png
/textures/blocks/slime.png,/assets/minecraft/textures/block/slime_block.png
/textures/blocks/smoker_front_off.png,/assets/minecraft/textures/block/smoker_front.png
/textures/blocks/sponge_wet.png,/assets/minecraft/textures/block/wet_sponge.png
/textures/blocks/stonebrick.png,/assets/minecraft/textures/block/stone_bricks.png
/textures/blocks/stonebrick_carved.png,/assets/minecraft/textures/block/chiseled_stone_bricks.png
/textures/blocks/stonebrick_cracked.png,/assets/minecraft/textures/block/cracked_stone_bricks.png
/textures/blocks/stonebrick_mossy.png,/assets/minecraft/textures/block/mossy_stone_bricks.png
/textures/blocks/stonecutter2_bottom.png,/assets/minecraft/textures/block/stonecutter_bottom.png
/textures/blocks/stonecutter2_saw.tga,/assets/minecraft/textures/block/stonecutter_saw.png
/textures/blocks/stonecutter2_side.png,/assets/minecraft/textures/block/stonecutter_side.png
/textures/blocks/stonecutter2_top.png,/assets/minecraft/textures/block/stonecutter_top.png
/textures/blocks/stone_andesite.png,/assets/minecraft/textures/block/andesite.png
/textures/blocks/stone_andesite_smooth.png,/assets/minecraft/textures/block/polished_andesite.png
/textures/blocks/stone_diorite.png,/assets/minecraft/textures/block/diorite.png
/textures/blocks/stone_diorite_smooth.png,/assets/minecraft/textures/block/polished_diorite.png
/textures/blocks/stone_granite.png,/assets/minecraft/textures/block/granite.png
/textures/blocks/stone_granite_smooth.png,/assets/minecraft/textures/block/polished_granite.png
/textures/blocks/stone_slab_side.png,/assets/minecraft/textures/block/smooth_stone_slab_side.png
/textures/blocks/stone_slab_top.png,/assets/minecraft/textures/block/smooth_stone.png
/textures/blocks/tallgrass.png,/assets/minecraft/textures/block/grass.png
/textures/blocks/torch_on.png,/assets/minecraft/textures/block/torch.png
/textures/blocks/trapdoor.png,/assets/minecraft/textures/block/oak_trapdoor.png
/textures/blocks/trip_wire.png,/assets/minecraft/textures/block/tripwire.png
/textures/blocks/trip_wire_source.png,/assets/minecraft/textures/block/tripwire_hook.png
/textures/blocks/turtle_egg_not_cracked.png,/assets/minecraft/textures/block/turtle_egg.png
/textures/blocks/waterlily.png,/assets/minecraft/textures/block/lily_pad.png
/textures/blocks/water_flow_grey.png,/assets/minecraft/textures/block/water_flow.png
/textures/blocks/water_still_grey.png,/assets/minecraft/textures/block/water_still.png
/textures/blocks/web.png,/assets/minecraft/textures/block/cobweb.png
/textures/blocks/wheat_stage_0.png,/assets/minecraft/textures/block/wheat_stage0.png
/textures/blocks/wheat_stage_1.png,/assets/minecraft/textures/block/wheat_stage1.png
/textures/blocks/wheat_stage_2.png,/assets/minecraft/textures/block/wheat_stage2.png
/textures/blocks/wheat_stage_3.png,/assets/minecraft/textures/block/wheat_stage3.png
/textures/blocks/wheat_stage_4.png,/assets/minecraft/textures/block/wheat_stage4.png
/textures/blocks/wheat_stage_5.png,/assets/minecraft/textures/block/wheat_stage5.png
/textures/blocks/wheat_stage_6.png,/assets/minecraft/textures/block/wheat_stage6.png
/textures/blocks/wheat_stage_7.png,/assets/minecraft/textures/block/wheat_stage7.png
/textures/blocks/wool_colored_black.png,/assets/minecraft/textures/block/black_wool.png
/textures/blocks/wool_colored_blue.png,/assets/minecraft/textures/block/blue_wool.png
/textures/blocks/wool_colored_brown.png,/assets/minecraft/textures/block/brown_wool.png
/textures/blocks/wool_colored_cyan.png,/assets/minecraft/textures/block/cyan_wool.png
/textures/blocks/wool_colored_gray.png,/assets/minecraft/textures/block/gray_wool.png
/textures/blocks/wool_colored_green.png,/assets/minecraft/textures/block/green_wool.png
/textures/blocks/wool_colored_light_blue.png,/assets/minecraft/textures/block/light_blue_wool.png
/textures/blocks/wool_colored_lime.png,/assets/minecraft/textures/block/lime_wool.png
/textures/blocks/wool_colored_magenta.png,/assets/minecraft/textures/block/magenta_wool.png
/textures/blocks/wool_colored_orange.png,/assets/minecraft/textures/block/orange_wool.png
/textures/blocks/wool_colored_pink.png,/assets/minecraft/textures/block/pink_wool.png
/textures/blocks/wool_colored_purple.png,/assets/minecraft/textures/block/purple_wool.png
/textures/blocks/wool_colored_red.png,/assets/minecraft/textures/block/red_wool.png
/textures/blocks/wool_colored_silver.png,/assets/minecraft/textures/block/light_gray_wool.png
/textures/blocks/wool_colored_white.png,/assets/minecraft/textures/block/white_wool.png
/textures/blocks/wool_colored_yellow.png,/assets/minecraft/textures/block/yellow_wool.png
/textures/environment/destroy_stage_0.png,/assets/minecraft/textures/block/destroy_stage_0.png
/textures/environment/destroy_stage_1.png,/assets/minecraft/textures/block/destroy_stage_1.png
/textures/environment/destroy_stage_2.png,/assets/minecraft/textures/block/destroy_stage_2.png
/textures/environment/destroy_stage_3.png,/assets/minecraft/textures/block/destroy_stage_3.png
/textures/environment/destroy_stage_4.png,/assets/minecraft/textures/block/destroy_stage_4.png
/textures/environment/destroy_stage_5.png,/assets/minecraft/textures/block/destroy_stage_5.png
/textures/environment/destroy_stage_6.png,/assets/minecraft/textures/block/destroy_stage_6.png
/textures/environment/destroy_stage_7.png,/assets/minecraft/textures/block/destroy_stage_7.png
/textures/environment/destroy_stage_8.png,/assets/minecraft/textures/block/destroy_stage_8.png
/textures/environment/destroy_stage_9.png,/assets/minecraft/textures/block/destroy_stage_9.png
/textures/blocks/acacia_trapdoor.png,/assets/minecraft/textures/block/acacia_trapdoor.png
/textures/blocks/bamboo_singleleaf.png,/assets/minecraft/textures/block/bamboo_singleleaf.png
/textures/blocks/barrel_bottom.png,/assets/minecraft/textures/block/barrel_bottom.png
/textures/blocks/barrel_side.png,/assets/minecraft/textures/block/barrel_side.png
/textures/blocks/barrel_top.png,/assets/minecraft/textures/block/barrel_top.png
/textures/blocks/barrel_top_open.png,/assets/minecraft/textures/block/barrel_top_open.png
/textures/blocks/beacon.png,/assets/minecraft/textures/block/beacon.png
/textures/blocks/bedrock.png,/assets/minecraft/textures/block/bedrock.png
/textures/blocks/beehive_front.png,/assets/minecraft/textures/block/beehive_front.png
/textures/blocks/beehive_front_honey.png,/assets/minecraft/textures/block/beehive_front_honey.png
/textures/blocks/beehive_side.png,/assets/minecraft/textures/block/beehive_side.png
/textures/blocks/bee_nest_bottom.png,/assets/minecraft/textures/block/bee_nest_bottom.png
/textures/blocks/bee_nest_front.png,/assets/minecraft/textures/block/bee_nest_front.png
/textures/blocks/bee_nest_front_honey.png,/assets/minecraft/textures/block/bee_nest_front_honey.png
/textures/blocks/bee_nest_side.png,/assets/minecraft/textures/block/bee_nest_side.png
/textures/blocks/bee_nest_top.png,/assets/minecraft/textures/block/bee_nest_top.png
/textures/blocks/bell_bottom.png,/assets/minecraft/textures/block/bell_bottom.png
/textures/blocks/bell_side.png,/assets/minecraft/textures/block/bell_side.png
/textures/blocks/bell_top.png,/assets/minecraft/textures/block/bell_top.png
/textures/blocks/birch_trapdoor.png,/assets/minecraft/textures/block/birch_trapdoor.png
/textures/blocks/blast_furnace_front_on.png,/assets/minecraft/textures/block/blast_furnace_front_on.png
/textures/blocks/blast_furnace_side.png,/assets/minecraft/textures/block/blast_furnace_side.png
/textures/blocks/blast_furnace_top.png,/assets/minecraft/textures/block/blast_furnace_top.png
/textures/blocks/blue_ice.png,/assets/minecraft/textures/block/blue_ice.png
/textures/blocks/bone_block_side.png,/assets/minecraft/textures/block/bone_block_side.png
/textures/blocks/bone_block_top.png,/assets/minecraft/textures/block/bone_block_top.png
/textures/blocks/bookshelf.png,/assets/minecraft/textures/block/bookshelf.png
/textures/blocks/brewing_stand.png,/assets/minecraft/textures/block/brewing_stand.png
/textures/blocks/brewing_stand_base.png,/assets/minecraft/textures/block/brewing_stand_base.png
/textures/blocks/cake_bottom.png,/assets/minecraft/textures/block/cake_bottom.png
/textures/blocks/cake_inner.png,/assets/minecraft/textures/block/cake_inner.png
/textures/blocks/cake_side.png,/assets/minecraft/textures/block/cake_side.png
/textures/blocks/cake_top.png,/assets/minecraft/textures/block/cake_top.png
/textures/blocks/campfire_log.png,/assets/minecraft/textures/block/campfire_log.png
/textures/blocks/campfire_log_lit.png,/assets/minecraft/textures/block/campfire_log_lit.png
/textures/blocks/cartography_table_side1.png,/assets/minecraft/textures/block/cartography_table_side1.png
/textures/blocks/cartography_table_side2.png,/assets/minecraft/textures/block/cartography_table_side2.png
/textures/blocks/cartography_table_side3.png,/assets/minecraft/textures/block/cartography_table_side3.png
/textures/blocks/cartography_table_top.png,/assets/minecraft/textures/block/cartography_table_top.png
/textures/blocks/cauldron_bottom.png,/assets/minecraft/textures/block/cauldron_bottom.png
/textures/blocks/cauldron_inner.png,/assets/minecraft/textures/block/cauldron_inner.png
/textures/blocks/cauldron_side.png,/assets/minecraft/textures/block/cauldron_side.png
/textures/blocks/cauldron_top.png,/assets/minecraft/textures/block/cauldron_top.png
/textures/blocks/chain_command_block_back.png,/assets/minecraft/textures/block/chain_command_block_back.png
/textures/blocks/chain_command_block_conditional.png,/assets/minecraft/textures/block/chain_command_block_conditional.png
/textures/blocks/chain_command_block_front.png,/assets/minecraft/textures/block/chain_command_block_front.png
/textures/blocks/chain_command_block_side.png,/assets/minecraft/textures/block/chain_command_block_side.png
/textures/blocks/chorus_flower.png,/assets/minecraft/textures/block/chorus_flower.png
/textures/blocks/chorus_flower_dead.png,/assets/minecraft/textures/block/chorus_flower_dead.png
/textures/blocks/chorus_plant.png,/assets/minecraft/textures/block/chorus_plant.png
/textures/blocks/clay.png,/assets/minecraft/textures/block/clay.png
/textures/blocks/coal_block.png,/assets/minecraft/textures/block/coal_block.png
/textures/blocks/coal_ore.png,/assets/minecraft/textures/block/coal_ore.png
/textures/blocks/coarse_dirt.png,/assets/minecraft/textures/block/coarse_dirt.png
/textures/blocks/cobblestone.png,/assets/minecraft/textures/block/cobblestone.png
/textures/blocks/command_block_back.png,/assets/minecraft/textures/block/command_block_back.png
/textures/blocks/command_block_conditional.png,/assets/minecraft/textures/block/command_block_conditional.png
/textures/blocks/command_block_front.png,/assets/minecraft/textures/block/command_block_front.png
/textures/blocks/command_block_side.png,/assets/minecraft/textures/block/command_block_side.png
/textures/blocks/comparator_on.png,/assets/minecraft/textures/block/comparator_on.png
/textures/blocks/composter_bottom.png,/assets/minecraft/textures/block/composter_bottom.png
/textures/blocks/composter_side.png,/assets/minecraft/textures/block/composter_side.png
/textures/blocks/composter_top.png,/assets/minecraft/textures/block/composter_top.png
/textures/blocks/crafting_table_front.png,/assets/minecraft/textures/block/crafting_table_front.png
/textures/blocks/crafting_table_side.png,/assets/minecraft/textures/block/crafting_table_side.png
/textures/blocks/crafting_table_top.png,/assets/minecraft/textures/block/crafting_table_top.png
/textures/blocks/dark_oak_trapdoor.png,/assets/minecraft/textures/block/dark_oak_trapdoor.png
/textures/blocks/daylight_detector_inverted_top.png,/assets/minecraft/textures/block/daylight_detector_inverted_top.png
/textures/blocks/daylight_detector_side.png,/assets/minecraft/textures/block/daylight_detector_side.png
/textures/blocks/daylight_detector_top.png,/assets/minecraft/textures/block/daylight_detector_top.png
/textures/blocks/diamond_block.png,/assets/minecraft/textures/block/diamond_block.png
/textures/blocks/diamond_ore.png,/assets/minecraft/textures/block/diamond_ore.png
/textures/blocks/dirt.png,/assets/minecraft/textures/block/dirt.png
/textures/blocks/dispenser_front_vertical.png,/assets/minecraft/textures/block/dispenser_front_vertical.png
/textures/blocks/dragon_egg.png,/assets/minecraft/textures/block/dragon_egg.png
/textures/blocks/dried_kelp_top.png,/assets/minecraft/textures/block/dried_kelp_top.png
/textures/blocks/dropper_front_vertical.png,/assets/minecraft/textures/block/dropper_front_vertical.png
/textures/blocks/emerald_block.png,/assets/minecraft/textures/block/emerald_block.png
/textures/blocks/emerald_ore.png,/assets/minecraft/textures/block/emerald_ore.png
/textures/blocks/enchanting_table_bottom.png,/assets/minecraft/textures/block/enchanting_table_bottom.png
/textures/blocks/enchanting_table_side.png,/assets/minecraft/textures/block/enchanting_table_side.png
/textures/blocks/enchanting_table_top.png,/assets/minecraft/textures/block/enchanting_table_top.png
/textures/blocks/end_rod.png,/assets/minecraft/textures/block/end_rod.png
/textures/blocks/end_stone.png,/assets/minecraft/textures/block/end_stone.png
/textures/blocks/fire_0.png,/assets/minecraft/textures/block/fire_0.png
/textures/blocks/fire_1.png,/assets/minecraft/textures/block/fire_1.png
/textures/blocks/flower_pot.png,/assets/minecraft/textures/block/flower_pot.png
/textures/blocks/frosted_ice_0.png,/assets/minecraft/textures/block/frosted_ice_0.png
/textures/blocks/frosted_ice_1.png,/assets/minecraft/textures/block/frosted_ice_1.png
/textures/blocks/frosted_ice_2.png,/assets/minecraft/textures/block/frosted_ice_2.png
/textures/blocks/frosted_ice_3.png,/assets/minecraft/textures/block/frosted_ice_3.png
/textures/blocks/furnace_front_on.png,/assets/minecraft/textures/block/furnace_front_on.png
/textures/blocks/furnace_side.png,/assets/minecraft/textures/block/furnace_side.png
/textures/blocks/furnace_top.png,/assets/minecraft/textures/block/furnace_top.png
/textures/blocks/glass.png,/assets/minecraft/textures/block/glass.png
/textures/blocks/glass_pane_top.png,/assets/minecraft/textures/block/glass_pane_top.png
/textures/blocks/glowstone.png,/assets/minecraft/textures/block/glowstone.png
/textures/blocks/gold_block.png,/assets/minecraft/textures/block/gold_block.png
/textures/blocks/gold_ore.png,/assets/minecraft/textures/block/gold_ore.png
/textures/blocks/grass_path_side.png,/assets/minecraft/textures/block/grass_path_side.png
/textures/blocks/grass_path_top.png,/assets/minecraft/textures/block/grass_path_top.png
/textures/blocks/gravel.png,/assets/minecraft/textures/block/gravel.png
/textures/blocks/hay_block_side.png,/assets/minecraft/textures/block/hay_block_side.png
/textures/blocks/hay_block_top.png,/assets/minecraft/textures/block/hay_block_top.png
/textures/blocks/hopper_inside.png,/assets/minecraft/textures/block/hopper_inside.png
/textures/blocks/hopper_outside.png,/assets/minecraft/textures/block/hopper_outside.png
/textures/blocks/hopper_top.png,/assets/minecraft/textures/block/hopper_top.png
/textures/blocks/ice.png,/assets/minecraft/textures/block/ice.png
/textures/blocks/iron_bars.png,/assets/minecraft/textures/block/iron_bars.png
/textures/blocks/iron_block.png,/assets/minecraft/textures/block/iron_block.png
/textures/blocks/iron_ore.png,/assets/minecraft/textures/block/iron_ore.png
/textures/blocks/iron_trapdoor.png,/assets/minecraft/textures/block/iron_trapdoor.png
/textures/blocks/jigsaw_side.png,/assets/minecraft/textures/block/jigsaw_side.png
/textures/blocks/jukebox_side.png,/assets/minecraft/textures/block/jukebox_side.png
/textures/blocks/jukebox_top.png,/assets/minecraft/textures/block/jukebox_top.png
/textures/blocks/jungle_trapdoor.png,/assets/minecraft/textures/block/jungle_trapdoor.png
/textures/blocks/ladder.png,/assets/minecraft/textures/block/ladder.png
/textures/blocks/lantern.png,/assets/minecraft/textures/block/lantern.png
/textures/blocks/lapis_block.png,/assets/minecraft/textures/block/lapis_block.png
/textures/blocks/lapis_ore.png,/assets/minecraft/textures/block/lapis_ore.png
/textures/blocks/lava_flow.png,/assets/minecraft/textures/block/lava_flow.png
/textures/blocks/lava_still.png,/assets/minecraft/textures/block/lava_still.png
/textures/blocks/lectern_base.png,/assets/minecraft/textures/block/lectern_base.png
/textures/blocks/lectern_front.png,/assets/minecraft/textures/block/lectern_front.png
/textures/blocks/lectern_sides.png,/assets/minecraft/textures/block/lectern_sides.png
/textures/blocks/lectern_top.png,/assets/minecraft/textures/block/lectern_top.png
/textures/blocks/lever.png,/assets/minecraft/textures/block/lever.png
/textures/blocks/loom_bottom.png,/assets/minecraft/textures/block/loom_bottom.png
/textures/blocks/loom_front.png,/assets/minecraft/textures/block/loom_front.png
/textures/blocks/loom_side.png,/assets/minecraft/textures/block/loom_side.png
/textures/blocks/loom_top.png,/assets/minecraft/textures/block/loom_top.png
/textures/blocks/magma.png,/assets/minecraft/textures/block/magma.png
/textures/blocks/melon_side.png,/assets/minecraft/textures/block/melon_side.png
/textures/blocks/melon_top.png,/assets/minecraft/textures/block/melon_top.png
/textures/blocks/mushroom_block_inside.png,/assets/minecraft/textures/block/mushroom_block_inside.png
/textures/blocks/mycelium_side.png,/assets/minecraft/textures/block/mycelium_side.png
/textures/blocks/mycelium_top.png,/assets/minecraft/textures/block/mycelium_top.png
/textures/blocks/netherrack.png,/assets/minecraft/textures/block/netherrack.png
/textures/blocks/nether_wart_block.png,/assets/minecraft/textures/block/nether_wart_block.png
/textures/blocks/observer_back.png,/assets/minecraft/textures/block/observer_back.png
/textures/blocks/observer_front.png,/assets/minecraft/textures/block/observer_front.png
/textures/blocks/observer_side.png,/assets/minecraft/textures/block/observer_side.png
/textures/blocks/observer_top.png,/assets/minecraft/textures/block/observer_top.png
/textures/blocks/obsidian.png,/assets/minecraft/textures/block/obsidian.png
/textures/blocks/piston_bottom.png,/assets/minecraft/textures/block/piston_bottom.png
/textures/blocks/piston_inner.png,/assets/minecraft/textures/block/piston_inner.png
/textures/blocks/piston_side.png,/assets/minecraft/textures/block/piston_side.png
/textures/blocks/piston_top_sticky.png,/assets/minecraft/textures/block/piston_top_sticky.png
/textures/blocks/prismarine_bricks.png,/assets/minecraft/textures/block/prismarine_bricks.png
/textures/blocks/pumpkin_side.png,/assets/minecraft/textures/block/pumpkin_side.png
/textures/blocks/pumpkin_top.png,/assets/minecraft/textures/block/pumpkin_top.png
/textures/blocks/purpur_block.png,/assets/minecraft/textures/block/purpur_block.png
/textures/blocks/purpur_pillar.png,/assets/minecraft/textures/block/purpur_pillar.png
/textures/blocks/purpur_pillar_top.png,/assets/minecraft/textures/block/purpur_pillar_top.png
/textures/blocks/quartz_block_bottom.png,/assets/minecraft/textures/block/quartz_block_bottom.png
/textures/blocks/quartz_block_side.png,/assets/minecraft/textures/block/quartz_block_side.png
/textures/blocks/quartz_block_top.png,/assets/minecraft/textures/block/quartz_block_top.png
/textures/blocks/redstone_block.png,/assets/minecraft/textures/block/redstone_block.png
/textures/blocks/redstone_lamp_on.png,/assets/minecraft/textures/block/redstone_lamp_on.png
/textures/blocks/redstone_ore.png,/assets/minecraft/textures/block/redstone_ore.png
/textures/blocks/redstone_torch_off.png,/assets/minecraft/textures/block/redstone_torch_off.png
/textures/blocks/red_sand.png,/assets/minecraft/textures/block/red_sand.png
/textures/blocks/red_sandstone_bottom.png,/assets/minecraft/textures/block/red_sandstone_bottom.png
/textures/blocks/red_sandstone_top.png,/assets/minecraft/textures/block/red_sandstone_top.png
/textures/blocks/repeater_on.png,/assets/minecraft/textures/block/repeater_on.png
/textures/blocks/repeating_command_block_back.png,/assets/minecraft/textures/block/repeating_command_block_back.png
/textures/blocks/repeating_command_block_conditional.png,/assets/minecraft/textures/block/repeating_command_block_conditional.png
/textures/blocks/repeating_command_block_front.png,/assets/minecraft/textures/block/repeating_command_block_front.png
/textures/blocks/repeating_command_block_side.png,/assets/minecraft/textures/block/repeating_command_block_side.png
/textures/blocks/sand.png,/assets/minecraft/textures/block/sand.png
/textures/blocks/sandstone_bottom.png,/assets/minecraft/textures/block/sandstone_bottom.png
/textures/blocks/sandstone_top.png,/assets/minecraft/textures/block/sandstone_top.png
/textures/blocks/seagrass.png,/assets/minecraft/textures/block/seagrass.png
/textures/blocks/sea_lantern.png,/assets/minecraft/textures/block/sea_lantern.png
/textures/blocks/sea_pickle.png,/assets/minecraft/textures/block/sea_pickle.png
/textures/blocks/smithing_table_bottom.png,/assets/minecraft/textures/block/smithing_table_bottom.png
/textures/blocks/smithing_table_front.png,/assets/minecraft/textures/block/smithing_table_front.png
/textures/blocks/smithing_table_side.png,/assets/minecraft/textures/block/smithing_table_side.png
/textures/blocks/smithing_table_top.png,/assets/minecraft/textures/block/smithing_table_top.png
/textures/blocks/smoker_bottom.png,/assets/minecraft/textures/block/smoker_bottom.png
/textures/blocks/smoker_front_on.png,/assets/minecraft/textures/block/smoker_front_on.png
/textures/blocks/smoker_side.png,/assets/minecraft/textures/block/smoker_side.png
/textures/blocks/smoker_top.png,/assets/minecraft/textures/block/smoker_top.png
/textures/blocks/snow.png,/assets/minecraft/textures/block/snow.png
/textures/blocks/soul_sand.png,/assets/minecraft/textures/block/soul_sand.png
/textures/blocks/sponge.png,/assets/minecraft/textures/block/sponge.png
/textures/blocks/spruce_trapdoor.png,/assets/minecraft/textures/block/spruce_trapdoor.png
/textures/blocks/stone.png,/assets/minecraft/textures/block/stone.png
/textures/blocks/stripped_acacia_log.png,/assets/minecraft/textures/block/stripped_acacia_log.png
/textures/blocks/stripped_acacia_log_top.png,/assets/minecraft/textures/block/stripped_acacia_log_top.png
/textures/blocks/stripped_birch_log.png,/assets/minecraft/textures/block/stripped_birch_log.png
/textures/blocks/stripped_birch_log_top.png,/assets/minecraft/textures/block/stripped_birch_log_top.png
/textures/blocks/stripped_dark_oak_log.png,/assets/minecraft/textures/block/stripped_dark_oak_log.png
/textures/blocks/stripped_dark_oak_log_top.png,/assets/minecraft/textures/block/stripped_dark_oak_log_top.png
/textures/blocks/stripped_jungle_log.png,/assets/minecraft/textures/block/stripped_jungle_log.png
/textures/blocks/stripped_jungle_log_top.png,/assets/minecraft/textures/block/stripped_jungle_log_top.png
/textures/blocks/stripped_oak_log.png,/assets/minecraft/textures/block/stripped_oak_log.png
/textures/blocks/stripped_oak_log_top.png,/assets/minecraft/textures/block/stripped_oak_log_top.png
/textures/blocks/stripped_spruce_log.png,/assets/minecraft/textures/block/stripped_spruce_log.png
/textures/blocks/stripped_spruce_log_top.png,/assets/minecraft/textures/block/stripped_spruce_log_top.png
/textures/blocks/structure_block.png,/assets/minecraft/textures/block/structure_block.png
/textures/blocks/structure_block_corner.png,/assets/minecraft/textures/block/structure_block_corner.png
/textures/blocks/structure_block_data.png,/assets/minecraft/textures/block/structure_block_data.png
/textures/blocks/structure_block_load.png,/assets/minecraft/textures/block/structure_block_load.png
/textures/blocks/structure_block_save.png,/assets/minecraft/textures/block/structure_block_save.png
/textures/blocks/sweet_berry_bush_stage0.png,/assets/minecraft/textures/block/sweet_berry_bush_stage0.png
/textures/blocks/sweet_berry_bush_stage1.png,/assets/minecraft/textures/block/sweet_berry_bush_stage1.png
/textures/blocks/sweet_berry_bush_stage2.png,/assets/minecraft/textures/block/sweet_berry_bush_stage2.png
/textures/blocks/sweet_berry_bush_stage3.png,/assets/minecraft/textures/block/sweet_berry_bush_stage3.png
/textures/blocks/tnt_bottom.png,/assets/minecraft/textures/block/tnt_bottom.png
/textures/blocks/tnt_side.png,/assets/minecraft/textures/block/tnt_side.png
/textures/blocks/tnt_top.png,/assets/minecraft/textures/block/tnt_top.png
/textures/blocks/turtle_egg_slightly_cracked.png,/assets/minecraft/textures/block/turtle_egg_slightly_cracked.png
/textures/blocks/turtle_egg_very_cracked.png,/assets/minecraft/textures/block/turtle_egg_very_cracked.png
/textures/blocks/vine.png,/assets/minecraft/textures/block/vine.png